{
  "version": "2.0",
  "logging": {
    "fileLoggingMode": "always",
    "logLevel": {
      "default": "Information",
      "Host.Results": "Error"
    },
    "applicationInsights": {
      "samplingSettings": {
        "isEnabled": true,
        "excludedTypes": "Request"
      }
    }
  },
  "extensions": {
    "eventHubs": {
      "maxEventBatchSize": 100,
      "batchCheckpointFrequency": 1,
      "prefetchCount": 300,
      "transportType": "amqpWebSockets",
      "initialOffsetOptions": {
        "type": "fromStart",
        "enqueuedTimeUtc": ""
      },
      "clientRetryOptions": {
        "mode": "exponential",
        "tryTimeout": "00:01:00",
        "delay": "00:00:00.80"
      }
    },
    "queues": {
      "maxPollingInterval": "00:00:02",
      "visibilityTimeout": "00:00:30",
      "batchSize": 16,
      "maxDequeueCount": 5,
      "newBatchThreshold": 8,
      "messageEncoding": "base64"
    }
  }
}
